ex_date,amount
1993-12-17,0.2911
1995-12-15,0.3746
1996-06-21,0.1585
1996-09-20,0.3569
1996-12-20,0.4123
2006-03-17,0.5206
2006-06-16,0.5471
2006-09-15,0.5737
2007-03-16,0.5576
2007-06-15,0.6679
2007-09-21,0.7262
2008-03-20,0.6487
2008-06-20,0.6661
2008-09-19,0.7201
2008-12-19,0.714
2009-03-20,0.5489
2009-06-19,0.5152
2009-09-18,0.5075
2009-12-18,0.5984
2010-03-19,0.4852
2010-06-18,0.5332
2010-09-17,0.6032
2010-12-17,0.6508
2011-03-18,0.5488
2011-06-17,0.6254
2011-09-16,0.6303
2011-12-16,0.7609
2012-03-16,0.6169
2012-06-15,0.6843
2012-09-21,0.7837
2012-12-21,1.004
2013-03-15,0.6867
2013-06-21,0.8452
2013-09-20,0.8342
2013-12-20,0.9945
2014-03-21,0.8236
2014-06-20,0.9322
2014-09-19,0.9492
2014-12-19,1.1464
2015-03-20,0.9496
2015-06-19,1.0177
2015-09-18,1.014
2015-12-18,1.1862
2016-03-18,1.0545
2016-06-17,1.0732
2016-09-16,1.0786
2016-12-16,1.3156
2017-03-17,1.033
2017-06-16,1.1877
2017-09-15,1.2328
2017-12-15,1.3655
2018-03-16,1.1068
2018-06-15,1.2492
2018-09-21,1.3196
2018-12-21,1.412
2019-03-15,1.2326
2019-06-21,1.4271
2019-09-20,1.3749
2019-12-20,1.5776
2020-03-20,1.3472
2020-06-19,1.3559
2020-09-18,1.3233
2020-12-18,1.5713
2021-03-19,1.2695
2021-06-18,1.3539
2021-09-17,1.4158
2021-12-17,1.6121
2022-03-18,1.3839
2022-06-17,1.5826
2022-09-16,1.5927
2022-12-16,1.7596
2023-03-17,1.4885
2023-06-16,1.6332
2023-09-15,1.5648
2023-12-15,1.9062
2024-03-15,1.5853
2024-06-21,1.7627
2024-09-20,1.7498
2024-12-20,1.994
2025-03-21,1.7028
2025-06-20,1.7541
2025-09-19,1.8376
2025-12-19,2.0147
2026-03-20,1.7742
2026-06-18,1.3226
